{
  "results": {
    "Standard": [
      72.46,
      72.14,
      72.5
    ],
    "EWE": [
      79.57,
      79.38,
      79.12
    ],
    "GCE": [
      81.72,
      81.51,
      82.0
    ],
    "LabelSmoothing": [
      72.49,
      72.83,
      72.85
    ],
    "CoTeaching": [
      85.54,
      85.44,
      85.4
    ],
    "EWE+GCE": [
      84.21,
      84.23,
      84.55
    ]
  },
  "summary": {
    "Standard": {
      "mean": 72.36666666666666,
      "std": 0.16110727964792615
    },
    "EWE": {
      "mean": 79.35666666666667,
      "std": 0.18445113776342087
    },
    "GCE": {
      "mean": 81.74333333333334,
      "std": 0.20072092289765933
    },
    "LabelSmoothing": {
      "mean": 72.72333333333333,
      "std": 0.16519348924485214
    },
    "CoTeaching": {
      "mean": 85.46,
      "std": 0.058878405775520136
    },
    "EWE+GCE": {
      "mean": 84.33,
      "std": 0.1557776192739717
    }
  },
  "ewe_gce_rates": [
    0.4753544,
    0.4751388,
    0.474088
  ]
}