{
  "experiment": "EWE Neural Network Ablation",
  "dataset": "CIFAR-10N",
  "architecture": "ResNet-18",
  "adaptive_k": 0.10425809785606158,
  "warmup": 10,
  "seeds": [
    42,
    123,
    456,
    789,
    1024
  ],
  "epochs": 100,
  "timestamp": "2026-05-04T09:43:44.289407",
  "results": {
    "full": {
      "name": "Full Adaptive EWE",
      "per_seed": [
        90.14,
        90.46,
        89.55,
        90.43,
        89.81
      ],
      "mean": 90.078,
      "std": 0.3533496851562208,
      "vs_full": 0.0
    },
    "no-I": {
      "name": "Without Impact (I)",
      "per_seed": [
        90.07,
        90.28,
        90.53,
        90.02,
        90.39
      ],
      "mean": 90.258,
      "std": 0.19177069640589267,
      "vs_full": 0.1799999999999926
    },
    "no-R": {
      "name": "Without Reality (R)",
      "per_seed": [
        89.81,
        90.47,
        89.81,
        90.3,
        90.01
      ],
      "mean": 90.08000000000001,
      "std": 0.2650283003756371,
      "vs_full": 0.0020000000000095497
    },
    "no-P": {
      "name": "Without Paradigm (P)",
      "per_seed": [
        89.98,
        89.97,
        89.92,
        90.18,
        90.1
      ],
      "mean": 90.03,
      "std": 0.09549869109050722,
      "vs_full": -0.04800000000000182
    },
    "no-warmup": {
      "name": "Without Warmup",
      "per_seed": [
        89.39,
        89.94,
        89.79,
        89.92,
        89.88
      ],
      "mean": 89.784,
      "std": 0.2036271101793661,
      "vs_full": -0.29399999999999693
    },
    "standard": {
      "name": "Standard Training",
      "per_seed": [
        89.96,
        89.98,
        89.95,
        90.37,
        89.57
      ],
      "mean": 89.966,
      "std": 0.25318767742526854,
      "vs_full": -0.11200000000000898
    }
  }
}