{
  "dataset": "CIFAR-100N",
  "architecture": "ResNet-34",
  "ewe_params": {
    "k": 0.1,
    "lam": 0.3,
    "warmup": 15
  },
  "seeds": [
    42,
    123,
    456,
    789,
    1024
  ],
  "epochs": 100,
  "timestamp": "2026-04-01T13:29:45.771984",
  "previous_results": {
    "standard": {
      "mean": 54.66,
      "std": 0.7
    },
    "label-smoothing": {
      "mean": 56.03,
      "std": 0.62
    },
    "gce": {
      "mean": 58.4,
      "std": 0.42
    },
    "co-teaching": {
      "mean": 64.16,
      "std": 0.6
    }
  },
  "new_results": {
    "ewe": {
      "per_seed": [
        53.78,
        54.11,
        52.47,
        52.85,
        54.75
      ],
      "mean": 53.592000000000006,
      "std": 0.8311534154414575,
      "vs_standard": -1.0679999999999907
    },
    "ewe-gce": {
      "per_seed": [
        58.64,
        59.08,
        57.58,
        58.62,
        60.56
      ],
      "mean": 58.896,
      "std": 0.9670904818061248,
      "vs_standard": 4.236000000000004
    }
  }
}