{
  "experiment": "Adaptive EWE",
  "formula": "k = 0.25 / log(C+1)",
  "seeds": [
    42,
    123,
    456,
    789,
    1024
  ],
  "warmup": 10,
  "epochs": 100,
  "timestamp": "2026-05-02T10:11:03.803354",
  "previous": {
    "cifar10n": {
      "standard": [
        72.37,
        0.16
      ],
      "label-smoothing": [
        72.72,
        0.17
      ],
      "gce": [
        81.74,
        0.2
      ],
      "co-teaching": [
        85.46,
        0.06
      ],
      "ewe": [
        79.36,
        0.18
      ],
      "ewe-gce": [
        84.33,
        0.16
      ]
    },
    "cifar100n": {
      "standard": [
        54.66,
        0.7
      ],
      "label-smoothing": [
        56.03,
        0.62
      ],
      "gce": [
        58.4,
        0.42
      ],
      "co-teaching": [
        64.16,
        0.6
      ],
      "ewe": [
        53.59,
        0.83
      ],
      "ewe-gce": [
        58.9,
        0.97
      ]
    }
  },
  "adaptive_results": {
    "cifar10n": {
      "adaptive-ewe": {
        "per_seed": [
          90.14,
          90.46,
          89.55,
          90.43,
          89.81
        ],
        "mean": 90.078,
        "std": 0.3533496851562208,
        "vs_standard": 17.708,
        "vs_gce": 8.338000000000008,
        "adaptive_k": 0.10425809785606158
      },
      "adaptive-ewe-gce": {
        "per_seed": [
          91.94,
          92.02,
          91.95,
          92.0,
          91.84
        ],
        "mean": 91.95,
        "std": 0.0626099033699921,
        "vs_standard": 19.58,
        "vs_gce": 10.210000000000008,
        "adaptive_k": 0.10425809785606158
      }
    },
    "cifar100n": {
      "adaptive-ewe": {
        "per_seed": [
          54.55,
          53.54,
          53.99,
          54.13,
          55.01
        ],
        "mean": 54.24400000000001,
        "std": 0.5007035050806006,
        "vs_standard": -0.4159999999999897,
        "vs_gce": -4.155999999999992,
        "adaptive_k": 0.054169766333882916
      },
      "adaptive-ewe-gce": {
        "per_seed": [
          59.41,
          58.75,
          58.3,
          59.17,
          58.86
        ],
        "mean": 58.898,
        "std": 0.3787030498952975,
        "vs_standard": 4.238000000000007,
        "vs_gce": 0.49800000000000466,
        "adaptive_k": 0.054169766333882916
      }
    }
  }
}