{
  "dataset": "CIFAR-100N",
  "architecture": "ResNet-34",
  "seeds": [
    42,
    123,
    456,
    789,
    1024
  ],
  "epochs": 100,
  "timestamp": "2026-03-31T08:11:28.624039",
  "results": {
    "standard": {
      "per_seed": [
        53.65,
        54.81,
        54.46,
        54.57,
        55.82
      ],
      "mean": 54.662,
      "std": 0.6980372482898034,
      "vs_standard": 0.0
    },
    "label-smoothing": {
      "per_seed": [
        56.66,
        55.26,
        55.48,
        56.83,
        55.92
      ],
      "mean": 56.029999999999994,
      "std": 0.6236024374551464,
      "vs_standard": 1.367999999999995
    },
    "gce": {
      "per_seed": [
        58.74,
        58.39,
        58.07,
        57.82,
        58.96
      ],
      "mean": 58.395999999999994,
      "std": 0.41821525558018613,
      "vs_standard": 3.7339999999999947
    },
    "co-teaching": {
      "per_seed": [
        64.66,
        63.63,
        64.96,
        64.17,
        63.37
      ],
      "mean": 64.158,
      "std": 0.599179438899565,
      "vs_standard": 9.496000000000002
    },
    "ewe": {
      "per_seed": [
        52.76,
        53.6,
        53.73,
        53.0,
        53.53
      ],
      "mean": 53.324,
      "std": 0.3759042431258261,
      "vs_standard": -1.338000000000001
    },
    "ewe-gce": {
      "per_seed": [
        59.12,
        58.02,
        57.65,
        58.29,
        58.65
      ],
      "mean": 58.34599999999999,
      "std": 0.507014792683605,
      "vs_standard": 3.6839999999999904
    }
  }
}