{
  "experiment": "Synthetic Noise Levels",
  "noise_levels": [
    0.2,
    0.4,
    0.6,
    0.8
  ],
  "seeds": [
    42,
    123,
    456
  ],
  "epochs": 100,
  "timestamp": "2026-05-11T06:30:38.448616",
  "results": {
    "noise_20": {
      "standard": {
        "per_seed": [
          81.04,
          82.35,
          81.82
        ],
        "mean": 81.73666666666666,
        "std": 0.5380417166808567
      },
      "gce": {
        "per_seed": [
          92.22,
          91.73,
          92.69
        ],
        "mean": 92.21333333333332,
        "std": 0.39194670839569534
      },
      "co-teaching": {
        "per_seed": [
          92.1,
          91.82,
          92.05
        ],
        "mean": 91.99,
        "std": 0.1219289410544802
      },
      "adaptive-ewe": {
        "per_seed": [
          83.45,
          84.33,
          84.81
        ],
        "mean": 84.19666666666667,
        "std": 0.5631656555184761
      },
      "adaptive-ewe-gce": {
        "per_seed": [
          91.06,
          91.39,
          91.6
        ],
        "mean": 91.34999999999998,
        "std": 0.22226110770892563
      }
    },
    "noise_40": {
      "standard": {
        "per_seed": [
          63.14,
          63.42,
          62.88
        ],
        "mean": 63.14666666666667,
        "std": 0.2205044721138827
      },
      "gce": {
        "per_seed": [
          87.28,
          88.52,
          87.74
        ],
        "mean": 87.84666666666668,
        "std": 0.5118159391378445
      },
      "co-teaching": {
        "per_seed": [
          80.85,
          80.71,
          81.36
        ],
        "mean": 80.97333333333334,
        "std": 0.2793245822018242
      },
      "adaptive-ewe": {
        "per_seed": [
          88.6,
          88.04,
          88.5
        ],
        "mean": 88.38,
        "std": 0.24385788210895382
      },
      "adaptive-ewe-gce": {
        "per_seed": [
          85.06,
          83.73,
          84.64
        ],
        "mean": 84.47666666666667,
        "std": 0.5551176051572806
      }
    },
    "noise_60": {
      "standard": {
        "per_seed": [
          42.45,
          40.97,
          42.0
        ],
        "mean": 41.806666666666665,
        "std": 0.6194800687314785
      },
      "gce": {
        "per_seed": [
          76.2,
          74.79,
          74.99
        ],
        "mean": 75.32666666666667,
        "std": 0.6229142976543586
      },
      "co-teaching": {
        "per_seed": [
          53.58,
          51.17,
          55.24
        ],
        "mean": 53.330000000000005,
        "std": 1.670947834813124
      },
      "adaptive-ewe": {
        "per_seed": [
          83.34,
          83.59,
          82.84
        ],
        "mean": 83.25666666666667,
        "std": 0.31180478223116176
      },
      "adaptive-ewe-gce": {
        "per_seed": [
          48.96,
          10.0,
          10.0
        ],
        "mean": 22.986666666666668,
        "std": 18.365920130018594
      }
    },
    "noise_80": {
      "standard": {
        "per_seed": [
          43.36,
          46.17,
          41.17
        ],
        "mean": 43.56666666666666,
        "std": 2.0464657881875823
      },
      "gce": {
        "per_seed": [
          47.5,
          40.17,
          40.52
        ],
        "mean": 42.73,
        "std": 3.375924564718036
      },
      "co-teaching": {
        "per_seed": [
          31.78,
          27.61,
          25.95
        ],
        "mean": 28.44666666666667,
        "std": 2.452513449957457
      },
      "adaptive-ewe": {
        "per_seed": [
          32.54,
          18.61,
          24.53
        ],
        "mean": 25.22666666666667,
        "std": 5.708194888832098
      },
      "adaptive-ewe-gce": {
        "per_seed": [
          10.0,
          10.0,
          10.0
        ],
        "mean": 10.0,
        "std": 0.0
      }
    }
  }
}